순위,title,artist,장르
1위,그때 그 순간 그대로 (그그그), WSG워너비 (가야G),발라드
2위,사랑이야, 케이시,발라드
3위,나의 X에게, 경서,발라드
4위,바보에게 바보가 (웹툰 '연애의 발견' X 이석훈), 이석훈,발라드
5위,팡파레, 다비치,발라드
6위,SuMMer RaiN, 퍼플키스 (PURPLE KISS),발라드
7위,다정히 내 이름을 부르면, 경서예지,발라드
8위,늦은 밤 헤어지긴 너무 아쉬워, 케이시,발라드
9위,취중고백, 김민석 (멜로망스),발라드
10위,드라마, 아이유(IU),발라드
11위,너의 모든 순간, 성시경,발라드
12위,내가 아니라도, 주호,발라드
13위,우리들의 블루스, 임영웅,발라드
14위,사랑은 늘 도망가, 임영웅,발라드
15위,듣고 싶을까, MSG워너비(M.O.M),발라드
16위,"모든 날, 모든 순간 (Every day, Every Moment)", 폴킴(Paul Kim),발라드
17위,마지막 너의 인사, 헤이즈(Heize),발라드
18위,상상 (Beyond My Dreams), 선우정아(Sunwoojunga),발라드
19위,온통 그대뿐인 나죠, 신용재 (2F),발라드
20위,밤하늘의 별을(2020), 경서,발라드
21위,초대, 멜로망스(MeloMance),발라드
22위,안하기가 쉽지 않아요, 수지,발라드
23위,고백하는 취한밤에 (Prod. 2soo), 임재현,발라드
24위,빗방울, 거미,발라드
25위,I LUV U (with 미란이), 김종국,발라드
26위,이러면 안 될 거 아는데 너 앞에만 서면 나락 (Feat. 10CM), 딘딘 (DINDIN),발라드
27위,바라만 본다, MSG워너비(M.O.M),발라드
28위,"어떻게 이별까지 사랑하겠어, 널 사랑하는 거지", AKMU(악뮤),발라드
29위,너에게 꼭 말하고 싶은 게 있어, 경서예지,발라드
30위,서랍, 10CM,발라드
31위,고백, 멜로망스(MeloMance),발라드
32위,시든 꽃에 물을 주듯, HYNN(박혜원),발라드
33위,언제나 사랑해, 케이시,발라드
34위,돌고 돌아, 세븐틴(SEVENTEEN),발라드
35위,해요 (2022), #안녕,발라드
36위,With you, 지민,발라드
37위,"나에게로의 초대 (이상한 나라의 앨리스, 하트다 하트여왕)", 조유진 (체리필터),발라드
38위,어른, Sondia,발라드
39위,운이 좋았지, 권진아,발라드
40위,왜 이제와서야 (Why), 황치열,발라드
41위,눈이 오잖아(Feat.헤이즈), 이무진,발라드
42위,밤편지, 아이유(IU),발라드
43위,어제처럼, 폴킴(Paul Kim),발라드
44위,사랑의 인사, WSG워너비 조별경연 (비로봉),발라드
45위,비가 오는 날엔 (2021), 헤이즈(Heize),발라드
46위,Antifreeze, 백예린 (Yerin Baek),발라드
47위,우리가 헤어져야 했던 이유, 비비(BIBI),발라드
48위,용기, 김종완 of NELL,발라드
49위,다시 사랑한다면 (니글니글 버터플라이), 김필(Kim Feel),발라드
50위,선물, 멜로망스(MeloMance),발라드
51위,사계 (Four Seasons), 태연 (TAEYEON),발라드
52위,Can't Control Myself, 태연 (TAEYEON),발라드
53위,그 하루 (feat.반하나), 주호,발라드
54위,호랑수월가, 탑현,발라드
55위,기억해 줘요, 다비치,발라드
56위,겨울잠, 아이유(IU),발라드
57위,내 곁에, 태연 (TAEYEON),발라드
58위,오늘도 빛나는 너에게 (To You My Light) (Feat.이라온), 마크툽(MAKTUB),발라드
59위,산책, 백예린 (Yerin Baek),발라드
60위,다시 만날 수 있을까, 임영웅,발라드
61위,희재, 성시경,발라드
62위,어제 너는 나를 버렸어, 10CM,발라드
63위,Love poem, 아이유(IU),발라드
64위,입술 끝에 두고 온 말, 하은(포맨),발라드
65위,미친 것처럼, V.O.S.,발라드
66위,이 밤을 빌려 말해요 (바른연애 길잡이 X 10CM), 10CM,발라드
67위,있잖아, 폴킴(Paul Kim),발라드
68위,너는 내 세상이었어, 볼빨간사춘기,발라드
69위,너에게 못했던 내 마지막 말은, 다비치,발라드
70위,가까운 듯 먼 그대여, 카더가든,발라드
71위,Rain, 태연 (TAEYEON),발라드
72위,오래된 노래, 스탠딩 에그(Standing Egg),발라드
73위,그대라는 시, 태연 (TAEYEON),발라드
74위,안녕, 폴킴(Paul Kim),발라드
75위,여름비, 샘김(Sam Kim),발라드
76위,마음을 드려요, 아이유(IU),발라드
77위,취기를 빌려 (취향저격 그녀 X 산들), 산들,발라드
78위,미안해, 양다일,발라드
79위,스티커 사진, 21학번,발라드
80위,아리운, 케이시,발라드
81위,"손을 잡는다거나, 같이 걷는다거나", 적재,발라드
82위,너를 만나, 폴킴(Paul Kim),발라드
83위,너였다면, 정승환,발라드
84위,Christmas Tree, V,발라드
85위,잠이 오질 않네요, 장범준,발라드
86위,바라만 본다, 정세운,발라드
87위,링크, 멜로망스(MeloMance),발라드
88위,그때 그 아인, 김필(Kim Feel),발라드
89위,달팽이, 김재환,발라드
90위,추적이는 여름 비가 되어, 장범준,발라드
91위,달이 될게, 진영 (GOT7),발라드
92위,늦은 밤 너의 집 앞 골목길에서, 노을,발라드
93위,Monologue, 버즈,발라드
94위,좀 더 안아줄걸, 길구봉구,발라드
95위,아이와 나의 바다, 아이유(IU),발라드
96위,안아줘, 정준일,발라드
97위,너의 번호를 누르고, 김나영,발라드
98위,삭제, 김재환,발라드
99위,그때가 좋았어, 케이시,발라드
100위,여행자, 임재범,발라드
1위,Somebody!, 로꼬,댄스/팝
2위,SNEAKERS, ITZY (있지),댄스/팝
3위,LOVE DIVE, IVE (아이브),댄스/팝
4위,POP!, 나연 (TWICE),댄스/팝
5위,Girls, aespa,댄스/팝
6위,도깨비불 (Illusion), aespa,댄스/팝
7위,BEAUTIFUL MONSTER, STAYC(스테이씨),댄스/팝
8위,Sparkling, 청하,댄스/팝
9위,TOMBOY, (여자)아이들,댄스/팝
10위,열이올라요 (Heart Burn), 선미,댄스/팝
11위,Clink Clink (클링 클링), WSG워너비 (오아시소),댄스/팝
12위,FEARLESS, LE SSERAFIM (르세라핌),댄스/팝
13위,I LOVE U, WINNER,댄스/팝
14위,That That (prod. & feat. SUGA of BTS), 싸이 (PSY),댄스/팝
15위,Nerdy, 퍼플키스 (PURPLE KISS),댄스/팝
16위,사랑인가 봐, 멜로망스(MeloMance),댄스/팝
17위,Stay This Way, 프로미스나인,댄스/팝
18위,ELEVEN, IVE (아이브),댄스/팝
19위,Feel My Rhythm, Red Velvet (레드벨벳),댄스/팝
20위,Next Level, aespa,댄스/팝
21위,봄여름가을겨울 (Still Life), BIGBANG (빅뱅),댄스/팝
22위,신호등, 이무진,댄스/팝
23위,INVU, 태연 (TAEYEON),댄스/팝
24위,Weekend, 태연 (TAEYEON),댄스/팝
25위,어마어마해, WSG워너비,댄스/팝
26위,SEOUL DRIFT, 지코,댄스/팝
27위,Life′s Too Short (English Ver.), aespa,댄스/팝
28위,SMILEY (Feat. BIBI), YENA (최예나),댄스/팝
29위,참고사항, 이무진,댄스/팝
30위,달빛바다, 프로미스나인,댄스/팝
31위,봄 to 러브, 10CM,댄스/팝
32위,러브 쉿!, 조유리,댄스/팝
33위,strawberry moon, 아이유(IU),댄스/팝
34위,라일락, 아이유(IU),댄스/팝
35위,Happy Birthday, 원어스 (ONEUS),댄스/팝
36위,Drive, 미연 ((여자)아이들),댄스/팝
37위,Happy Song, 멜로망스(MeloMance),댄스/팝
38위,나빌레라, 현아,댄스/팝
39위,Lemon, 로꼬,댄스/팝
40위,Dynamite, 방탄소년단,댄스/팝
41위,Celebrity, 아이유(IU),댄스/팝
42위,SHOUT OUT, ENHYPEN,댄스/팝
43위,Blueming, 아이유(IU),댄스/팝
44위,말리지 마, (여자)아이들,댄스/팝
45위,Butter, 방탄소년단,댄스/팝
46위,WALK THE LINE, ENHYPEN,댄스/팝
47위,Foreshadow, ENHYPEN,댄스/팝
48위,Beatbox, NCT DREAM,댄스/팝
49위,Skydivin’, 원어스 (ONEUS),댄스/팝
50위,ParadoXXX Invasion, ENHYPEN,댄스/팝
51위,NO THANKS, 효린,댄스/팝
52위,Copycat, Apink 초봄 (에이핑크 초봄),댄스/팝
53위,RUN2U, STAYC(스테이씨),댄스/팝
54위,Celeb, 싸이 (PSY),댄스/팝
55위,기울이면, 원슈타인,댄스/팝
56위,YOU AND I, WSG워너비 조별경연 (대청봉),댄스/팝
57위,Permission to Dance, 방탄소년단,댄스/팝
58위,DM, 프로미스나인,댄스/팝
59위,사건의 지평선, 윤하(Younha/ユンナ),댄스/팝
60위,Dun Dun Dance, 오마이걸(OH MY GIRL),댄스/팝
61위,TFW (That Feeling When), ENHYPEN,댄스/팝
62위,Savage, aespa,댄스/팝
63위,물고기, 백예린 (Yerin Baek),댄스/팝
64위,롤린 (Rollin'), 브레이브걸스(Brave Girls),댄스/팝
65위,낙하 (with 아이유), AKMU(악뮤),댄스/팝
66위,존재만으로, 원슈타인,댄스/팝
67위,Dreams Come True, aespa,댄스/팝
68위,Dolphin, 오마이걸(OH MY GIRL),댄스/팝
69위,Darl+ing, 세븐틴(SEVENTEEN),댄스/팝
70위,Last Sequence, 우주소녀,댄스/팝
71위,Future Perfect (Pass the MIC), ENHYPEN,댄스/팝
72위,아주 NICE, 세븐틴(SEVENTEEN),댄스/팝
73위,Real Love, 오마이걸(OH MY GIRL),댄스/팝
74위,ASAP, STAYC(스테이씨),댄스/팝
75위,마지막처럼, BLACKPINK,댄스/팝
76위,O.O, NMIXX,댄스/팝
77위,Step Back, GOT the beat,댄스/팝
78위,한 페이지가 될 수 있게, DAY6 (데이식스),댄스/팝
79위,Whisky on the Rock, 김연지,댄스/팝
80위,Queendom, Red Velvet (레드벨벳),댄스/팝
81위,Lovesick Girls, BLACKPINK,댄스/팝
82위,Black Mamba, aespa,댄스/팝
83위,Timeless, SG워너비,댄스/팝
84위,WE GO, 프로미스나인,댄스/팝
85위,Blue Flame, LE SSERAFIM (르세라핌),댄스/팝
86위,Flip That, 이달의 소녀,댄스/팝
87위,예뻤어, DAY6 (데이식스),댄스/팝
88위,에잇(Prod.&Feat. SUGA of BTS), 아이유(IU),댄스/팝
89위,Square (2017), 백예린 (Yerin Baek),댄스/팝
90위,REALLY REALLY, WINNER,댄스/팝
91위,Cheese, 프로미스나인,댄스/팝
92위,어푸 (Ah puh), 아이유(IU),댄스/팝
93위,이제는 (feat. 화사), 싸이 (PSY),댄스/팝
94위,Rewind, 프로미스나인,댄스/팝
95위,어땠을까 (feat. 박정현), 싸이 (PSY),댄스/팝
96위,여행, 볼빨간사춘기,댄스/팝
97위,Alcohol,Free ,댄스/팝
98위,SHAKE IT, 씨스타(Sistar),댄스/팝
99위,사계 (Four Seasons), 태연 (TAEYEON),댄스/팝
100위,LOVEADE, VIVIZ (비비지),댄스/팝
1위,그라데이션, 10CM,포크/어쿠스틱
2위,Love story, 볼빨간사춘기,포크/어쿠스틱
3위,Seoul, 볼빨간사춘기,포크/어쿠스틱
4위,서랍, 10CM,포크/어쿠스틱
5위,폰서트, 10CM,포크/어쿠스틱
6위,여름비, 샘김(Sam Kim),포크/어쿠스틱
7위,우린 어떠한 별보다 빛날 거야, 이하이,포크/어쿠스틱
8위,스토커, 10CM,포크/어쿠스틱
9위,사라진 모든 것들에게(with ELLE KOREA), 코드 쿤스트,포크/어쿠스틱
10위,나만,,포크/어쿠스틱
11위,김철수 씨 이야기, 허회경,포크/어쿠스틱
12위,오랜 날 오랜 밤, AKMU(악뮤),포크/어쿠스틱
13위,정거장, 아이유(IU),포크/어쿠스틱
14위,마음, 아이유(IU),포크/어쿠스틱
15위,가을 타나 봐, 이무진,포크/어쿠스틱
16위,벚꽃 엔딩, 버스커 버스커(Busker Busker),포크/어쿠스틱
17위,별 보러 갈래?, 볼빨간사춘기,포크/어쿠스틱
18위,남이 될 수 있을까, 볼빨간사춘기,포크/어쿠스틱
19위,나비와 고양이 (feat. 백현 (BAEKHYUN)), 볼빨간사춘기,포크/어쿠스틱
20위,Goodbye Summer (f(Amber+Luna+Krystal) (feat. D.O. Of EXO,K)),포크/어쿠스틱
21위,너, 아이유(IU),포크/어쿠스틱
22위,비밀의 화원, 아이유(IU),포크/어쿠스틱
23위,사랑은 은하수 다방에서, 10CM,포크/어쿠스틱
24위,봄이 좋냐??, 10CM,포크/어쿠스틱
25위,Gone, 로제(ROSÉ),포크/어쿠스틱
26위,여수 밤바다, 버스커 버스커(Busker Busker),포크/어쿠스틱
27위,STAY, BLACKPINK,포크/어쿠스틱
28위,행복하게 해줄게, 장범준,포크/어쿠스틱
29위,생존약속 生存約束, Lucia(심규선),포크/어쿠스틱
30위,꽃송이가, 버스커 버스커(Busker Busker),포크/어쿠스틱
31위,애상, 10CM,포크/어쿠스틱
32위,지켜줄게, 백예린 (Yerin Baek),포크/어쿠스틱
33위,매트리스, 10CM,포크/어쿠스틱
34위,또 어딘가를 향할때, 장필순,포크/어쿠스틱
35위,나를 지켜주세요 (명성왕후 O.S.T), 이수영,포크/어쿠스틱
36위,Interlude 1, 이수영,포크/어쿠스틱
37위,IF YOU, BIGBANG (빅뱅),포크/어쿠스틱
38위,Mermaid, 볼빨간사춘기,포크/어쿠스틱
39위,pet, 10CM,포크/어쿠스틱
40위,인사, 멜로망스(MeloMance),포크/어쿠스틱
41위,Give Love, AKMU(악뮤),포크/어쿠스틱
42위,어두운 마음은 오늘 밤 지나갈거야 (Prod. by 옥상달빛), 김고은,포크/어쿠스틱
43위,가을 아침, 아이유(IU),포크/어쿠스틱
44위,널 생각해, 원 모어 찬스(one more chance),포크/어쿠스틱
45위,사랑해 진짜, 임영웅,포크/어쿠스틱
46위,방에 모기가 있어 (Do You Think Of Me?), 10CM,포크/어쿠스틱
47위,잘 지내, 적재,포크/어쿠스틱
48위,아름다운 건, 볼빨간사춘기,포크/어쿠스틱
49위,연애편지, 임영웅,포크/어쿠스틱
50위,품, 볼빨간사춘기,포크/어쿠스틱
51위,그렇게 살아가는 것, 허회경,포크/어쿠스틱
52위,내 맘을 너에게 줄게 (Vocal by 고예정), ashWave (애쉬웨이브),포크/어쿠스틱
53위,Be My Birthday, 하현상,포크/어쿠스틱
54위,입김, 10CM,포크/어쿠스틱
55위,로맨틱 선데이, 카더가든,포크/어쿠스틱
56위,그게 뭐라고, 어쿠루브(Acourve),포크/어쿠스틱
57위,첫사랑, 버스커 버스커(Busker Busker),포크/어쿠스틱
58위,Little Star, 스탠딩 에그(Standing Egg),포크/어쿠스틱
59위,#첫사랑, 볼빨간사춘기,포크/어쿠스틱
60위,니가 보고싶은 밤, 윤딴딴,포크/어쿠스틱
61위,추억, 박창근,포크/어쿠스틱
62위,너에게 난,,포크/어쿠스틱
63위,대화가 필요해, 더 자두(The Jadu),포크/어쿠스틱
64위,겨울을 걷는다, 윤딴딴,포크/어쿠스틱
65위,X Song, 볼빨간사춘기,포크/어쿠스틱
66위,그라데이션 (Inst), 10CM,포크/어쿠스틱
67위,밤 끝없는 밤, AKMU(악뮤),포크/어쿠스틱
68위,라라라, 이수영,포크/어쿠스틱
69위,백만송이 장미, 고우림,포크/어쿠스틱
70위,잠 못 드는 밤 비는 내리고, 아이유(IU),포크/어쿠스틱
71위,나의 외로움이 널 부를 때, 장필순,포크/어쿠스틱
72위,Nightfalling, 존 박,포크/어쿠스틱
73위,이상한 사람, 존 박,포크/어쿠스틱
74위,스윗해, 이무진,포크/어쿠스틱
75위,좋아 좋아, 일기예보,포크/어쿠스틱
76위,And we go, 성시경,포크/어쿠스틱
77위,처음엔 사랑이란게, 버스커 버스커(Busker Busker),포크/어쿠스틱
78위,Rose, 디오 (D.O.),포크/어쿠스틱
79위,일종의 고백 (Female Ver.), 헨(Hen),포크/어쿠스틱
80위,품이 되어줄래, 박은별,포크/어쿠스틱
81위,사실,,포크/어쿠스틱
82위,귀거래사(歸去來辭), 김신우,포크/어쿠스틱
83위,작은별, AKMU(악뮤),포크/어쿠스틱
84위,그러나, 10CM,포크/어쿠스틱
85위,사랑 Two, 윤도현,포크/어쿠스틱
86위,서른 즈음에, 김광석,포크/어쿠스틱
87위,쓰담쓰담, 10CM,포크/어쿠스틱
88위,낙수, 버둥,포크/어쿠스틱
89위,헤어지던 밤, 어쿠루브(Acourve),포크/어쿠스틱
90위,물 만난 물고기, AKMU(악뮤),포크/어쿠스틱
91위,잊어야 한다는 마음으로, 김광석,포크/어쿠스틱
92위,수고했어,,포크/어쿠스틱
93위,김성호의 회상, 김성호,포크/어쿠스틱
94위,그대 사랑 앞에 다시 선 나 (2022 Re:born), 박창근,포크/어쿠스틱
95위,빌런 (Villain), 스텔라 장(Stella Jang),포크/어쿠스틱
96위,시청 앞 지하철 역에서, 곽진언,포크/어쿠스틱
97위,그댄 봄비를 무척 좋아하나요, 이혜민 배따라기,포크/어쿠스틱
98위,오빠야, 신현희와김루트,포크/어쿠스틱
99위,찬바람이 불면, 김지연,포크/어쿠스틱
100위,집시여인, 이치현과 벗님들,포크/어쿠스틱
1위,LOVE me, BE'O (비오),랩/힙합
2위,MY BAG, (여자)아이들,랩/힙합
3위,없었던 일로, 헤이즈(Heize),랩/힙합
4위,Yet To Come, 방탄소년단,랩/힙합
5위,HOT, 세븐틴(SEVENTEEN),랩/힙합
6위,감동이야 (feat. 성시경), 싸이 (PSY),랩/힙합
7위,SHOUT OUT, ENHYPEN,랩/힙합
8위,ZOOM, 제시(Jessi),랩/힙합
9위,WALK THE LINE, ENHYPEN,랩/힙합
10위,Foreshadow, ENHYPEN,랩/힙합
11위,ParadoXXX Invasion, ENHYPEN,랩/힙합
12위,회전목마 (Feat. Zion.T,,랩/힙합
13위,CHEERS, 세븐틴(SEVENTEEN),랩/힙합
14위,TFW (That Feeling When), ENHYPEN,랩/힙합
15위,내 기쁨은 너가 벤틀리를 끄는 거야, 김승민,랩/힙합
16위,Summer (Feat. BE’O (비오)), Paul Blanco,랩/힙합
17위,문득, BE'O (비오),랩/힙합
18위,OHAYO MY NIGHT, 디핵(D,랩/힙합
19위,Future Perfect (Pass the MIC), ENHYPEN,랩/힙합
20위,리무진 (Feat. MINO) (Prod. GRAY), BE'O (비오),랩/힙합
21위,Counting Stars (Feat. Beenzino), BE'O (비오),랩/힙합
22위,만남은 쉽고 이별은 어려워 (Feat. Leellamarz) (Prod. TOIL), 베이식(Basick),랩/힙합
23위,Nike, The Quiett,랩/힙합
24위,어땠을까 (feat. 박정현), 싸이 (PSY),랩/힙합
25위,Alone (Feat. 이하이), 쿠기 (Coogie),랩/힙합
26위,I Don′t Lie (Feat. 기리보이), 헤이즈(Heize),랩/힙합
27위,엉덩이가 큰 그녀 (Feat. The Quiett), 릴러말즈 (Leellamarz),랩/힙합
28위,밤이 깊었네 (feat. 헤이즈), 싸이 (PSY),랩/힙합
29위,AVIATOR, YOUNITE,랩/힙합
30위,사이렌 Remix (Feat. UNEDUCATED KID,,랩/힙합
31위,Rainy day (Feat. ASH ISLAND,,랩/힙합
32위,시차 (We Are) (Feat. 로꼬 & GRAY), 우원재,랩/힙합
33위,METEOR, 창모(CHANGMO),랩/힙합
34위,검정색하트 (Feat. Leellamarz,,랩/힙합
35위,Freedom (Feat. DUT2) (Prod. Way Ched), 릴러말즈 (Leellamarz),랩/힙합
36위,삐삐, 아이유(IU),랩/힙합
37위,낮 밤 (feat. 박재범), 이영지,랩/힙합
38위,봄날, 방탄소년단,랩/힙합
39위,멜로디, ASH ISLAND,랩/힙합
40위,비도 오고 그래서 (Feat. 신용재), 헤이즈(Heize),랩/힙합
41위,방화 (Arson), j,랩/힙합
42위,Trip (Feat. Hannah), 릴러말즈 (Leellamarz),랩/힙합
43위,거리마다 (Feat. I.M of 몬스타엑스), 헤이즈(Heize),랩/힙합
44위,도둑놈 (Feat. 민니 of (여자)아이들), 헤이즈(Heize),랩/힙합
45위,자니 (feat. Dynamic Duo), 프라이머리,랩/힙합
46위,And July (feat. DEAN,,랩/힙합
47위,[19금], 박재범,랩/힙합
48위,하지마, 릴러말즈 (Leellamarz),랩/힙합
49위,네가 없는 밤 (Feat. ASH ISLAND) (Prod. GRAY), BE'O (비오),랩/힙합
50위,Good Night (Feat. BE'O), 쿠기 (Coogie),랩/힙합
51위,Valley of Lies (feat. iann dior), 투모로우바이투게더,랩/힙합
52위,Nerdy Love (Feat. 백예린), pH,랩/힙합
53위,그래서 그래 (Feat. 윤하), 에픽하이 (EPIK HIGH),랩/힙합
54위,어떻게 지내 (Prod. By VAN.C), 오반,랩/힙합
55위,뚜두뚜두 (DDU,DU DDU,랩/힙합
56위,OUT OF MY SIGHT, 릴러말즈 (Leellamarz),랩/힙합
57위,Y (Please Tell Me Why), 프리스타일(Free Style),랩/힙합
58위,last day, Royal 44,랩/힙합
59위,비 오는 날 듣기 좋은 노래 (Feat. Colde), 에픽하이 (EPIK HIGH),랩/힙합
60위,GONE (Feat. Paloalto) (Prod. TOIL), 릴러말즈 (Leellamarz),랩/힙합
61위,Born Singer, 방탄소년단,랩/힙합
62위,VVS (Feat. JUSTHIS) (Prod. GroovyRoom), 미란이 (Mirani),랩/힙합
63위,우산 (feat. 윤하), 에픽하이 (EPIK HIGH),랩/힙합
64위,Joker (Feat. JAMIE), BIG Naughty (서동현),랩/힙합
65위,Pretty Savage, BLACKPINK,랩/힙합
66위,Hello Future, NCT DREAM,랩/힙합
67위,Life Goes On, 방탄소년단,랩/힙합
68위,MORE, j,랩/힙합
69위,다라리 (DARARI), TREASURE(트레저),랩/힙합
70위,쉬어 (Feat. MINO) (Prod. GRAY), MINO(송민호),랩/힙합
71위,어쩌면 우리 (Feat. 죠지), 헤이즈(Heize),랩/힙합
72위,Kill This Love, BLACKPINK,랩/힙합
73위,뜨거운 안녕 (feat. 성시경), 싸이 (PSY),랩/힙합
74위,아무노래, 지코,랩/힙합
75위,돌아오지마 (Feat. 용준형 of 비스트), 헤이즈(Heize),랩/힙합
76위,Officially Missing You, 긱스(Geeks),랩/힙합
77위,Downtown Baby, 블루(BLOO),랩/힙합
78위,마.피.아. In the morning, ITZY (있지),랩/힙합
79위,HER, 블락비(Block B),랩/힙합
80위,? (물음표) (feat. 최자 Of 다이나믹듀오,,랩/힙합
81위,Good Boy Gone Bad, 투모로우바이투게더,랩/힙합
82위,Cheese ball (feat. Kid Milli), 안병웅,랩/힙합
83위,달려라 방탄, 방탄소년단,랩/힙합
84위,Wake Up (Prod. 코드 쿤스트), 개코,랩/힙합
85위,붉은 노을, BIGBANG (빅뱅),랩/힙합
86위,Beautiful (Feat. Skinny Brown), ASH ISLAND,랩/힙합
87위,우리서로사랑하지는말자, 기리보이,랩/힙합
88위,Love (feat. Bumkey,,랩/힙합
89위,The Rando, LINEZ 9,랩/힙합
90위,#NAME?, j,랩/힙합
91위,한여름밤의 꿀, San E(산이),랩/힙합
92위,Metal, SCM,랩/힙합
93위,MONEY, 리사(LISA),랩/힙합
94위,안았어야해 (Feat. Futuristic Swaver), JAEHA (재하),랩/힙합
95위,불협화음 (Feat. AKMU) (Prod. GRAY), Mudd the student,랩/힙합
96위,FAMILY, WINNER,랩/힙합
97위,STOP (세상에 나쁜 사람은 없다), j,랩/힙합
98위,헤어지지 못하는 여자,,랩/힙합
99위,FAKE LOVE, 방탄소년단,랩/힙합
100위,끝나지 않은 얘기 (Feat. 다이나믹 듀오), 릴러말즈 (Leellamarz),랩/힙합
1위,보고싶었어, WSG워너비 (4FIRE),알앤비/소울
2위,정이라고 하자 (Feat. 10CM), BIG Naughty (서동현),알앤비/소울
3위,_WORLD, 세븐틴(SEVENTEEN),알앤비/소울
4위,아무래도 난, 주시크 (Joosiq),알앤비/소울
5위,GANADARA (Feat. 아이유), 박재범,알앤비/소울
6위,낭만교향곡 (Feat. CHANGMO,,알앤비/소울
7위,너를 생각해, 주시크 (Joosiq),알앤비/소울
8위,One More Time, 폴킴(Paul Kim),알앤비/소울
9위,Playlist, 비오(B.O.),알앤비/소울
10위,Fallin’ Flower (Korean Ver.), 세븐틴(SEVENTEEN),알앤비/소울
11위,Need To Know, 박재범,알앤비/소울
12위,헤픈 우연, 헤이즈(Heize),알앤비/소울
13위,Vancouver, BIG Naughty (서동현),알앤비/소울
14위,Missing Call, 비오(B.O.),알앤비/소울
15위,Timeless, SG워너비,알앤비/소울
16위,Square (2017), 백예린 (Yerin Baek),알앤비/소울
17위,All I Wanna Do (K) (Feat. Hoody,,알앤비/소울
18위,Like a Dream (Feat. Ashley Alisha,,알앤비/소울
19위,여기저기거기 Pt.2 (Feat. 아넌딜라이트,,알앤비/소울
20위,오늘도 빛나는 너에게 (To You My Light) (Feat.이라온), 마크툽(MAKTUB),알앤비/소울
21위,사랑이란(PROD.로코베리), 양다일,알앤비/소울
22위,그건 아마 우리의 잘못은 아닐 거야, 백예린 (Yerin Baek),알앤비/소울
23위,다시 만나볼래, 런치,알앤비/소울
24위,찰나가 영원이 될 때 (The Eternal Moment), 마크툽(MAKTUB),알앤비/소울
25위,PADO, 비비(BIBI),알앤비/소울
26위,사랑의 인사, 씨야(SeeYa),알앤비/소울
27위,바다 가자, 로지(ROZY),알앤비/소울
28위,삐삐, 아이유(IU),알앤비/소울
29위,Coin, 아이유(IU),알앤비/소울
30위,WE (Oui), OuiOui(위위),알앤비/소울
31위,미안해, 양다일,알앤비/소울
32위,벌써 일년, 브라운 아이즈(Brown Eyes),알앤비/소울
33위,비 오는 날 듣기 좋은 노래, 윤하(Younha/ユンナ),알앤비/소울
34위,꽃 길, BIGBANG (빅뱅),알앤비/소울
35위,비, 폴킴(Paul Kim),알앤비/소울
36위,Favorite (Vampire), NCT 127,알앤비/소울
37위,YOU AND I, 박봄 (Park Bom),알앤비/소울
38위,RIDE (feat. THAMA), SOLE(쏠),알앤비/소울
39위,팔레트 (Feat. G,DRAGON) ,알앤비/소울
40위,D (half moon) (Feat. 개코), DEAN(딘),알앤비/소울
41위,Bye bye my blue, 백예린 (Yerin Baek),알앤비/소울
42위,I LIKE IT, STAYC(스테이씨),알앤비/소울
43위,썸 2 (Feat. 정용화), 소유 (SOYOU),알앤비/소울
44위,내사람: Partner For Life, SG워너비,알앤비/소울
45위,북극성 (Never Goodbye), NCT DREAM,알앤비/소울
46위,찬란한 계절, 폴킴(Paul Kim),알앤비/소울
47위,밝게 빛나는 별이 되어 비춰줄게, 송이한,알앤비/소울
48위,다라리 (DARARI), TREASURE(트레저),알앤비/소울
49위,한숨, 이하이,알앤비/소울
50위,310, 백예린 (Yerin Baek),알앤비/소울
51위,그런일은, 박화요비,알앤비/소울
52위,돌아오지마 (Feat. 용준형 of 비스트), 헤이즈(Heize),알앤비/소울
53위,도망가자 (Run With Me), 선우정아(Sunwoojunga),알앤비/소울
54위,YACHT (k) (Feat. Sik,K) ,알앤비/소울
55위,MY LOVE (Feat. RAVI), 서인국,알앤비/소울
56위,Lie (Original Ver.), 박화요비,알앤비/소울
57위,마지막 인사 (To My First), NCT DREAM,알앤비/소울
58위,어떤가요, 박화요비,알앤비/소울
59위,우리의 새벽은 낮보다 뜨겁다, 세븐틴(SEVENTEEN),알앤비/소울
60위,Break Away, WSG워너비 조별경연 (할미봉),알앤비/소울
61위,? (물음표) (feat. 최자 Of 다이나믹듀오,,알앤비/소울
62위,...사랑했잖아..., 린(LYn),알앤비/소울
63위,What Do I Call You, 태연 (TAEYEON),알앤비/소울
64위,Boat, 죠지,알앤비/소울
65위,Lovey Dovey (Feat. meenoi), BIG Naughty (서동현),알앤비/소울
66위,너,,알앤비/소울
67위,천생연분 (Rave), 솔리드(Solid),알앤비/소울
68위,한여름밤의 꿀, San E(산이),알앤비/소울
69위,사랑인걸, 모세(Mose),알앤비/소울
70위,instagram, DEAN(딘),알앤비/소울
71위,바람기억, 나얼(Na,알앤비/소울
72위,무제(無題) (Untitled,,알앤비/소울
73위,좋아 (JOAH), 박재범,알앤비/소울
74위,그땐 그땐 그땐, 슈프림팀(Supreme Team),알앤비/소울
75위,DOMINO, ITZY (있지),알앤비/소울
76위,우주를 건너, 백예린 (Yerin Baek),알앤비/소울
77위,Dream (Prod. by 박근태), 수지,알앤비/소울
78위,Toy, 블락비(Block B),알앤비/소울
79위,사랑이 잘 (With 오혁), 아이유(IU),알앤비/소울
80위,MOVIE, JUNNY(주니),알앤비/소울
81위,오늘 취하면 (Feat.창모) (Prod. SUGA), SURAN (수란),알앤비/소울
82위,Eternal Sunshine (Feat. Ashley Alisha), 서액터,알앤비/소울
83위,For Youth, 방탄소년단,알앤비/소울
84위,Heaven, 김현성,알앤비/소울
85위,빨간 립스틱 (Feat. 윤미래), 이하이,알앤비/소울
86위,I'm in Paris, 다운 (Dvwn),알앤비/소울
87위,Silly Silly Love, 권진아,알앤비/소울
88위,Salad Days (Feat. sokodomo,,알앤비/소울
89위,널 너무 모르고, 헤이즈(Heize),알앤비/소울
90위,살랑살랑, 미노이(meenoi),알앤비/소울
91위,...안 되나요... (부제: 화양연화), 휘성(Realslow),알앤비/소울
92위,사랑은...향기를 남기고, 테이(Tei),알앤비/소울
93위,여인의 향기, 씨야(SeeYa),알앤비/소울
94위,귀로, 나얼(Na,알앤비/소울
95위,같은 시간 속의 너, 나얼(Na,알앤비/소울
96위,밤이 되니까, 펀치 (Punch),알앤비/소울
97위,목요일 밤 (feat. 빈지노), 어반자카파,알앤비/소울
98위,Missing You, 플라이 투 더 스카이,알앤비/소울
99위,곁에 있어줘 (Feat. 원슈타인), SOLE(쏠),알앤비/소울
100위,I'm Gonna Love You (Feat. 원슈타인), 디오 (D.O.),알앤비/소울
1위,Way Back Home, 숀 (SHAUN),일렉트로닉
2위,LOVE, STAYC(스테이씨),일렉트로닉
3위,DINOSAUR, AKMU(악뮤),일렉트로닉
4위,MANIAC, Stray Kids (스트레이 키즈),일렉트로닉
5위,FREE SMILE, 이효리,일렉트로닉
6위,All Mine, f(x),일렉트로닉
7위,삐딱하게 (Crooked), G,일렉트로닉
8위,일종의 고백 (Male Ver.), 곽진언,일렉트로닉
9위,너 없인 안 된다, 비투비,일렉트로닉
10위,Only you, by me,일렉트로닉
11위,행운을 빌어 줘, 원필(DAY6),일렉트로닉
12위,I LUV IT, 싸이 (PSY),일렉트로닉
13위,After Love, 클래지콰이(Clazziquai),일렉트로닉
14위,After Love, Female ver. ,일렉트로닉
15위,희망아기의 노래, 업체eobchae,일렉트로닉
16위,I Just Wanna Dance (Kago Pengchi Remix), 티파니 (TIFFANY),일렉트로닉
17위,4 Walls, f(x),일렉트로닉
18위,해가 될까, WOODZ (조승연),일렉트로닉
19위,그녀와의 이별, 김현정,일렉트로닉
20위,Everyday, 싸이 (PSY),일렉트로닉
21위,You In Me, 카드(KARD),일렉트로닉
22위,니가 뭔데 (Who You?), G,일렉트로닉
23위,Black (Feat. 제니 of BLACKPINK), G,일렉트로닉
24위,닫힌엔딩 (Closed Ending), 숀 (SHAUN),일렉트로닉
25위,어느날 머리에서 뿔이 자랐다 (CROWN), 투모로우바이투게더,일렉트로닉
26위,"DESSERT (Feat. Loopy, 소연((여자)아이들))", 효연 (HYO),일렉트로닉
27위,습관 (Bad Habits), 숀 (SHAUN),일렉트로닉
28위,BULLET, 우정하,일렉트로닉
29위,COMMENT, 우정하,일렉트로닉
30위,Drop It, 우정하,일렉트로닉
31위,HIGHER, 우정하,일렉트로닉
32위,Domino, 우정하,일렉트로닉
33위,SMILE, 우정하,일렉트로닉
34위,Bluesea, 우정하,일렉트로닉
35위,Horizon, 우정하,일렉트로닉
36위,REDSEA, 우정하,일렉트로닉
37위,DAILY LIFE, 우정하,일렉트로닉
38위,PARTING, 우정하,일렉트로닉
39위,HOTSHOT, 우정하,일렉트로닉
40위,Slump, 우정하,일렉트로닉
41위,BUTTERFLY, 우정하,일렉트로닉
42위,Free Somebody, 루나 (LUNA),일렉트로닉
43위,THIRST, 우정하,일렉트로닉
44위,Stone, 우정하,일렉트로닉
45위,Addiction, 우정하,일렉트로닉
46위,WOUND, 우정하,일렉트로닉
47위,Not Bad, 우정하,일렉트로닉
48위,Becoming, 우정하,일렉트로닉
49위,DECOY, 우정하,일렉트로닉
50위,Gray City, 우정하,일렉트로닉
51위,ROCK ON, 우정하,일렉트로닉
52위,수박깨러가, LUCY,일렉트로닉
53위,Go Away, 우정하,일렉트로닉
54위,Electric Shock, f(x),일렉트로닉
55위,Our Summer, 투모로우바이투게더,일렉트로닉
56위,Little Boys, 우정하,일렉트로닉
57위,We Sink, SWAY(스웨이),일렉트로닉
58위,은하 상점 (Feat. 김유나), 015B,일렉트로닉
59위,Novabossa, 클래지콰이(Clazziquai),일렉트로닉
60위,시간낭비야 (feat. BIGONE)(DEEP SHOWER Remix), LAS (라스),일렉트로닉
61위,"Hawaian Couple (영화 '내 사랑' 주제곡, 에뛰드 복숭아송 원곡)", HUS(허밍어반스테레오),일렉트로닉
62위,잼잼, 아이유(IU),일렉트로닉
63위,Sober (Feat. Ummet Ozcan), 효연 (HYO),일렉트로닉
64위,데리러 가 (Good Evening), SHINee (샤이니),일렉트로닉
65위,i, yoono,일렉트로닉
66위,바꿔, 이정현,일렉트로닉
67위,토끼탈, 우효(Oohyo),일렉트로닉
68위,I Want You, SHINee (샤이니),일렉트로닉
69위,Goodbye, SOJU GANG,일렉트로닉
70위,Insomnia (feat. Humming Girl), HUS(허밍어반스테레오),일렉트로닉
71위,"명수네 떡볶이 (feat. 김예림, UL)", 박명수,일렉트로닉
72위,RUN2U (TAK Remix), STAYC(스테이씨),일렉트로닉
73위,Night Swimming, sunwashere,일렉트로닉
74위,어디든지 (feat. 이소정)(Pure 100% Remix), LAS (라스),일렉트로닉
75위,너랑 나 (FPM Technorchestra Mix) (Bonus Track), 아이유(IU),일렉트로닉
76위,춤, offonoff (오프온오프),일렉트로닉
77위,Ordinary Person, 우정하,일렉트로닉
78위,소격동, 아이유(IU),일렉트로닉
79위,Be My Love (Original Mix) (Bonus Track), 클래지콰이(Clazziquai),일렉트로닉
80위,Same, Kisnue(키스누),일렉트로닉
81위,Ending Credit, 엄정화,일렉트로닉
82위,Magic Shop, 방탄소년단,일렉트로닉
83위,So What, 방탄소년단,일렉트로닉
84위,Clasick (Original Mix), CueE,일렉트로닉
85위,So Fxcking High (Original Mix), SixThema,일렉트로닉
86위,What Else (Fatrik Remix), 매시브 디토(Massive Ditto),일렉트로닉
87위,은하 상점 (Inst.), 015B,일렉트로닉
88위,화분 (알렉스 ver.) ('우리 결혼했어요' 삽입곡), 알렉스(Alex),일렉트로닉
89위,Don’t Need Your Love, NCT DREAM,일렉트로닉
90위,No Matter What, 보아 (BoA),일렉트로닉
91위,AUTOMATIC REMIX, 챈슬러,일렉트로닉
92위,멘붕 (CL Solo), 2NE1,일렉트로닉
93위,미미 (MIMI), 유라(youra),일렉트로닉
94위,Cover Up, 태연 (TAEYEON),일렉트로닉
95위,Let's!, 호피폴라,일렉트로닉
96위,수영해 (Virus Edit), 유라(youra),일렉트로닉
97위,Grace, ADOY,일렉트로닉
98위,We all lie, 하진(HAJIN),일렉트로닉
99위,Kokain 2021, initio,일렉트로닉
100위,깜빡 (Feat. 카더가든), 유라(youra),일렉트로닉
1위,SHOUT OUT, ENHYPEN,락/메탈
2위,WALK THE LINE, ENHYPEN,락/메탈
3위,Foreshadow, ENHYPEN,락/메탈
4위,ParadoXXX Invasion, ENHYPEN,락/메탈
5위,초록을거머쥔우리는, 잔나비,락/메탈
6위,"스물다섯, 스물하나", 자우림(Jaurim),락/메탈
7위,TFW (That Feeling When), ENHYPEN,락/메탈
8위,Future Perfect (Pass the MIC), ENHYPEN,락/메탈
9위,주저하는 연인들을 위해, 잔나비,락/메탈
10위,비와 당신, 이무진,락/메탈
11위,인생낙원, 크라잉넛(Crying Nut),락/메탈
12위,뜨거운 여름밤은 가고 남은 건 볼품없지만, 잔나비,락/메탈
13위,여름가을겨울  봄., 잔나비,락/메탈
14위,뚫고 지나가요, DAY6 (Even of Day),락/메탈
15위,Love me or Leave me, DAY6 (데이식스),락/메탈
16위,On The Ground, 로제(ROSÉ),락/메탈
17위,기억을 걷는 시간, 넬(NELL),락/메탈
18위,낭만 고양이, 체리필터(Cherry Filter),락/메탈
19위,Blue Voyage, LUCY,락/메탈
20위,Zombie, DAY6 (데이식스),락/메탈
21위,기억을 걷는 시간, 넬(NELL),락/메탈
22위,TOMBOY, 혁오 (HYUKOH),락/메탈
23위,슬픔이여안녕, 잔나비,락/메탈
24위,나에게로 떠나는 여행, 버즈,락/메탈
25위,"사랑, 이게 맞나 봐", DAY6 (Even of Day),락/메탈
26위,내 기억 속에 남아 있는 그대 모습은, 산들,락/메탈
27위,고백, 델리 스파이스(Deli Spice),락/메탈
28위,섬, 88KEYS,락/메탈
29위,슬픈 표정 하지 말아요, 신해철,락/메탈
30위,Never Ending Story, 부활,락/메탈
31위,EVERYTHING, 검정치마,락/메탈
32위,겁쟁이, 버즈,락/메탈
33위,Ling Ling, 검정치마,락/메탈
34위,좋은 밤 좋은 꿈, 너드커넥션(Nerd Connection),락/메탈
35위,위잉위잉, 혁오 (HYUKOH),락/메탈
36위,0X1=LOVESONG (I Know I Love You) feat. Seori, 투모로우바이투게더,락/메탈
37위,레이디버드, 잔나비,락/메탈
38위,그만 미워할래, WH3N(웬),락/메탈
39위,난 너 없이 (I hate you), WOODZ (조승연),락/메탈
40위,MAGIC, 하현상,락/메탈
41위,Nostalgia, 김세황,락/메탈
42위,"D.C.T. (Dreams Come True) (Feat. Simon Phillips, Stu Hamm)",,락/메탈
43위,Sweet Chaos, DAY6 (데이식스),락/메탈
44위,나랑 아니면, 검정치마,락/메탈
45위,New Plant, The Volunteers (더 발룬티어스),락/메탈
46위,오리 날다, 체리필터(Cherry Filter),락/메탈
47위,Summer, The Volunteers (더 발룬티어스),락/메탈
48위,슈퍼스타, 미도와 파라솔,락/메탈
49위,예뻤어, DAY6 (데이식스),락/메탈
50위,You make Me, DAY6 (데이식스),락/메탈
51위,꿈나라 별나라, 잔나비,락/메탈
52위,But You!, The Whales (더 웨일즈),락/메탈
53위,밤 산책, 하현상,락/메탈
54위,"사랑, 결코 시들지 않는...", 서문탁,락/메탈
55위,너를 보내고, YB,락/메탈
56위,매직 카펫 라이드, 자우림(Jaurim),락/메탈
57위,다시 사랑한다면, 도원경,락/메탈
58위,No One Told Me Why, 알레프(ALEPH),락/메탈
59위,나는 볼 수 없던 이야기, 잔나비,락/메탈
60위,꿈과 책과 힘과 벽, 잔나비,락/메탈
61위,난춘 (亂春), 새소년,락/메탈
62위,Hypocreep, The Volunteers (더 발룬티어스),락/메탈
63위,반복 (prod. PATEKO(파테코)), kid wine,락/메탈
64위,외톨이야, 씨엔블루(CNBLUE),락/메탈
65위,잘 부탁드립니다, 익스(Ex),락/메탈
66위,마치 흘러가는 바람처럼, DAY6 (데이식스),락/메탈
67위,Strawberry Cake, Xdinary Heroes,락/메탈
68위,하늘을 달리다, 이적,락/메탈
69위,비행운, 문문(MoonMoon),락/메탈
70위,와리가리, 혁오 (HYUKOH),락/메탈
71위,장난 아닌데, DAY6 (데이식스),락/메탈
72위,나는 나비, YB,락/메탈
73위,해와 달처럼, DAY6 (데이식스),락/메탈
74위,Healer, DAY6 (데이식스),락/메탈
75위,Test Me, Xdinary Heroes,락/메탈
76위,영원, 최진영 [SKY],락/메탈
77위,하늘 끝에서 흘린 눈물, 주니퍼(Junyfore),락/메탈
78위,한시 오분 (1:05), 검정치마,락/메탈
79위,마지막 사랑, 박기영,락/메탈
80위,COSMOS, B.I(비아이),락/메탈
81위,너로피어오라 (Flowering), 달의하루,락/메탈
82위,Hollywood, 검정치마,락/메탈
83위,"잘 지내자, 우리", 최유리,락/메탈
84위,잊을께, YB,락/메탈
85위,있지, 자우림(Jaurim),락/메탈
86위,HAPPENING, AKMU(악뮤),락/메탈
87위,하늘을 달리다, HYNN(박혜원),락/메탈
88위,응급실, izi,락/메탈
89위,비망록 (스물의 노래), 버즈,락/메탈
90위,영원처럼 안아줘 (with 카더가든), 프롬(Fromm),락/메탈
91위,시작, 박기영,락/메탈
92위,EVERYTHING, 검정치마,락/메탈
93위,안녕이란 말도 함께 (Hope to be like you), WOODZ (조승연),락/메탈
94위,투게더!, 잔나비,락/메탈
95위,봄날은 간다, 영화 '봄날은 간다' 中에서 ,락/메탈
96위,고백, 박혜경,락/메탈
97위,백야, 짙은(Zitten),락/메탈
98위,Antifreeze, 검정치마,락/메탈
99위,정말로 사랑한다면, 버스커 버스커(Busker Busker),락/메탈
100위,사랑 빛, 씨엔블루(CNBLUE),락/메탈
1위,After Love, 클래지콰이(Clazziquai),재즈
2위,Duck dance, 양남진,재즈
3위,문득 (Duet with 송희진), 도운 (DAY6),재즈
4위,Novabossa, 클래지콰이(Clazziquai),재즈
5위,Sleeping Beauty (하트시그널 삽입곡), 폴(Paul),재즈
6위,왜 그래, 김현철,재즈
7위,어떤이의 꿈, 봄여름가을겨울,재즈
8위,We are all Muse (Feat. 백예린), The BLANK Shop,재즈
9위,We are still (아직 우린), 전유나,재즈
10위,나만 이래 (Feat. 헤이즈), 다비(DAVII),재즈
11위,Tomorrow, 웅산,재즈
12위,Antonio's Song, 박성연,재즈
13위,What A Diffrence A Day Made, 박성연,재즈
14위,We are still (아직 우린) (Inst.), 전유나,재즈
15위,The Look Of Love, 웅산,재즈
16위,캐논 변주곡 (오리지널 피아노), 클래식 리메이크,재즈
17위,Sweety, 클래지콰이(Clazziquai),재즈
18위,뮤지컬, 임상아,재즈
19위,지금은 우리가 멀리 있을지라도, 김광민,재즈
20위,춤 (with 이소라), Crush,재즈
21위,우천시, Kim's Trio,재즈
22위,"Bravo, My Life!", 봄여름가을겨울,재즈
23위,Feel So Good (Piano Ver.), 폴(Paul),재즈
24위,L’ete(그 여름), 레브드집시 (Rêve de Gypsy),재즈
25위,Walk In The Rain (Piano Ver.), plank,재즈
26위,바다(feat. 유승한), 이한호,재즈
27위,사랑노래 (Feat. 원필(DAY6)), The BLANK Shop,재즈
28위,Last Scene, 롤러코스터(Rollercoaster),재즈
29위,Romantic Ocean, Cafe del Mar,재즈
30위,Chocolate Drive, 모이다 밴드,재즈
31위,Plaisir D'amour, 젠틀 레인(Gentle Rain),재즈
32위,새벽 왈츠, 이한호,재즈
33위,Sunflower, JazzyHan,재즈
34위,Gentle Rain, 클래지콰이(Clazziquai),재즈
35위,"즐겁게, 음악.", 윤석철트리오,재즈
36위,Orion, Ku Il Oh Trio(쿠일오 트리오),재즈
37위,너에게 보내는 노래, 롤러코스터(Rollercoaster),재즈
38위,내게로 와 (Come Closer), 롤러코스터(Rollercoaster),재즈
39위,Wood Bridge, Ku Il Oh Trio(쿠일오 트리오),재즈
40위,일상다반사, 롤러코스터(Rollercoaster),재즈
41위,Spring Rain, 이루마(Yiruma),재즈
42위,Cheek To Cheek, 골든 스윙 밴드(Golden Swing Band),재즈
43위,새벽 눈, 이한호,재즈
44위,Homeland Eternal, 김광민,재즈
45위,i just met a girl on the mars, bearonthemars,재즈
46위,While You Were Sleeping, lofi,재즈
47위,Yesterday, 웅산,재즈
48위,미소를 띄우며 나를 보낸 그 모습처럼, 웅산,재즈
49위,Afternoon In Paris (John Lewis), Swan Kim(스완 킴),재즈
50위,무미, 그을,재즈
51위,부르지마, 김목경,재즈
52위,Forest, Kim's Trio,재즈
53위,Love Virus, 롤러코스터(Rollercoaster),재즈
54위,"힘을 내요, 미스터 김", 롤러코스터(Rollercoaster),재즈
55위,My December (Feat. groovy D), 피아컬(PIACAL),재즈
56위,Happy Bubble (하우젠 CF 삽입곡), 윈터플레이,재즈
57위,진짜 회사 가기 싫어, 장우람,재즈
58위,4pm Cafe, 170헤르츠(170hz),재즈
59위,hawaii sunset cruise, cos,재즈
60위,Crush (Vocal.임재현), 문성욱,재즈
61위,brother, 암호 (AMHO),재즈
62위,Wine (Feat. groovy D), 피아컬(PIACAL),재즈
63위,내게로 와, 클래지콰이(Clazziquai),재즈
64위,Ugly Truth (Feat. groovy D), 피아컬(PIACAL),재즈
65위,Puppy (Feat. Groovy D), 피아컬(PIACAL),재즈
66위,Learn To Love, Jxxn(진),재즈
67위,Un Homme Et Une Femme, 남과 여 ,재즈
68위,Seoul City (Feat. groovy D), 피아컬(PIACAL),재즈
69위,I'll be your Christmas (Feat. groovy D), 피아컬(PIACAL),재즈
70위,All That Jazz, 보아 (BoA),재즈
71위,Nothing (Feat.송광식), 피아컬(PIACAL),재즈
72위,The Night (Feat. 송광식), 피아컬(PIACAL),재즈
73위,A Little Girl Dreaming, 푸딩(Pudding),재즈
74위,High (Feat. Groovy D), 피아컬(PIACAL),재즈
75위,Paradise (Feat. 송광식), 피아컬(PIACAL),재즈
76위,오래된 친구, 빛과 소금,재즈
77위,Your Santa (Feat. groovy D), 피아컬(PIACAL),재즈
78위,날 수만 있다면 (Hymn), 김광민,재즈
79위,White Dance (Feat. 엄선아), 피아컬(PIACAL),재즈
80위,Love Burn (Feat. Groovy D), 피아컬(PIACAL),재즈
81위,On A Sunny Day (매일 그대와), 웅산,재즈
82위,Like A Bird, 어반자카파,재즈
83위,느영나영, 루아(Lua),재즈
84위,Honey Babe, 칸티나 밴드(CANTINA BAND),재즈
85위,한 순간 (Moment), 박똑똑,재즈
86위,Love on the Moon, Jxxn(진),재즈
87위,Rainbow Romance (Feat. groovy D), 피아컬(PIACAL),재즈
88위,Blossom, 염신혜,재즈
89위,Soul Nights, 뮤직 샤워(Music Shower),재즈
90위,You Can Expect, 비비드피넛,재즈
91위,From Midnight To Sunrise, Crush,재즈
92위,어느 하루, 롤러코스터(Rollercoaster),재즈
93위,다시, 한올,재즈
94위,Love Me!, byvinyl,재즈
95위,Can I Love You (With Shiloh Dynasty), garba9,재즈
96위,Yesterday (Trio ver.) (Bonus Track), 웅산,재즈
97위,Summer Dream, Jazzwith,재즈
98위,나를 사랑하지 않는 그대에게, 웅산,재즈
99위,Lemond, 젠틀 레인(Gentle Rain),재즈
100위,Polaroid, Herve Morin,재즈
1위,After Love, 클래지콰이(Clazziquai),인디
2위,Duck dance, 양남진,인디
3위,문득 (Duet with 송희진), 도운 (DAY6),인디
4위,Novabossa, 클래지콰이(Clazziquai),인디
5위,Sleeping Beauty (하트시그널 삽입곡), 폴(Paul),인디
6위,왜 그래, 김현철,인디
7위,어떤이의 꿈, 봄여름가을겨울,인디
8위,We are all Muse (Feat. 백예린), The BLANK Shop,인디
9위,We are still (아직 우린), 전유나,인디
10위,나만 이래 (Feat. 헤이즈), 다비(DAVII),인디
11위,Tomorrow, 웅산,인디
12위,Antonio's Song, 박성연,인디
13위,What A Diffrence A Day Made, 박성연,인디
14위,We are still (아직 우린) (Inst.), 전유나,인디
15위,The Look Of Love, 웅산,인디
16위,캐논 변주곡 (오리지널 피아노), 클래식 리메이크,인디
17위,Sweety, 클래지콰이(Clazziquai),인디
18위,뮤지컬, 임상아,인디
19위,지금은 우리가 멀리 있을지라도, 김광민,인디
20위,춤 (with 이소라), Crush,인디
21위,우천시, Kim's Trio,인디
22위,"Bravo, My Life!", 봄여름가을겨울,인디
23위,Feel So Good (Piano Ver.), 폴(Paul),인디
24위,L’ete(그 여름), 레브드집시 (Rêve de Gypsy),인디
25위,Walk In The Rain (Piano Ver.), plank,인디
26위,바다(feat. 유승한), 이한호,인디
27위,사랑노래 (Feat. 원필(DAY6)), The BLANK Shop,인디
28위,Last Scene, 롤러코스터(Rollercoaster),인디
29위,Romantic Ocean, Cafe del Mar,인디
30위,Chocolate Drive, 모이다 밴드,인디
31위,Plaisir D'amour, 젠틀 레인(Gentle Rain),인디
32위,새벽 왈츠, 이한호,인디
33위,Sunflower, JazzyHan,인디
34위,Gentle Rain, 클래지콰이(Clazziquai),인디
35위,"즐겁게, 음악.", 윤석철트리오,인디
36위,Orion, Ku Il Oh Trio(쿠일오 트리오),인디
37위,너에게 보내는 노래, 롤러코스터(Rollercoaster),인디
38위,내게로 와 (Come Closer), 롤러코스터(Rollercoaster),인디
39위,Wood Bridge, Ku Il Oh Trio(쿠일오 트리오),인디
40위,일상다반사, 롤러코스터(Rollercoaster),인디
41위,Spring Rain, 이루마(Yiruma),인디
42위,Cheek To Cheek, 골든 스윙 밴드(Golden Swing Band),인디
43위,새벽 눈, 이한호,인디
44위,Homeland Eternal, 김광민,인디
45위,i just met a girl on the mars, bearonthemars,인디
46위,While You Were Sleeping, lofi,인디
47위,Yesterday, 웅산,인디
48위,미소를 띄우며 나를 보낸 그 모습처럼, 웅산,인디
49위,Afternoon In Paris (John Lewis), Swan Kim(스완 킴),인디
50위,무미, 그을,인디
51위,부르지마, 김목경,인디
52위,Forest, Kim's Trio,인디
53위,Love Virus, 롤러코스터(Rollercoaster),인디
54위,"힘을 내요, 미스터 김", 롤러코스터(Rollercoaster),인디
55위,My December (Feat. groovy D), 피아컬(PIACAL),인디
56위,Happy Bubble (하우젠 CF 삽입곡), 윈터플레이,인디
57위,진짜 회사 가기 싫어, 장우람,인디
58위,4pm Cafe, 170헤르츠(170hz),인디
59위,hawaii sunset cruise, cos,인디
60위,Crush (Vocal.임재현), 문성욱,인디
61위,brother, 암호 (AMHO),인디
62위,Wine (Feat. groovy D), 피아컬(PIACAL),인디
63위,내게로 와, 클래지콰이(Clazziquai),인디
64위,Ugly Truth (Feat. groovy D), 피아컬(PIACAL),인디
65위,Puppy (Feat. Groovy D), 피아컬(PIACAL),인디
66위,Learn To Love, Jxxn(진),인디
67위,Un Homme Et Une Femme, 남과 여 ,인디
68위,Seoul City (Feat. groovy D), 피아컬(PIACAL),인디
69위,I'll be your Christmas (Feat. groovy D), 피아컬(PIACAL),인디
70위,All That Jazz, 보아 (BoA),인디
71위,Nothing (Feat.송광식), 피아컬(PIACAL),인디
72위,The Night (Feat. 송광식), 피아컬(PIACAL),인디
73위,A Little Girl Dreaming, 푸딩(Pudding),인디
74위,High (Feat. Groovy D), 피아컬(PIACAL),인디
75위,Paradise (Feat. 송광식), 피아컬(PIACAL),인디
76위,오래된 친구, 빛과 소금,인디
77위,Your Santa (Feat. groovy D), 피아컬(PIACAL),인디
78위,날 수만 있다면 (Hymn), 김광민,인디
79위,White Dance (Feat. 엄선아), 피아컬(PIACAL),인디
80위,Love Burn (Feat. Groovy D), 피아컬(PIACAL),인디
81위,On A Sunny Day (매일 그대와), 웅산,인디
82위,Like A Bird, 어반자카파,인디
83위,느영나영, 루아(Lua),인디
84위,Honey Babe, 칸티나 밴드(CANTINA BAND),인디
85위,한 순간 (Moment), 박똑똑,인디
86위,Love on the Moon, Jxxn(진),인디
87위,Rainbow Romance (Feat. groovy D), 피아컬(PIACAL),인디
88위,Blossom, 염신혜,인디
89위,Soul Nights, 뮤직 샤워(Music Shower),인디
90위,You Can Expect, 비비드피넛,인디
91위,From Midnight To Sunrise, Crush,인디
92위,어느 하루, 롤러코스터(Rollercoaster),인디
93위,다시, 한올,인디
94위,Love Me!, byvinyl,인디
95위,Can I Love You (With Shiloh Dynasty), garba9,인디
96위,Yesterday (Trio ver.) (Bonus Track), 웅산,인디
97위,Summer Dream, Jazzwith,인디
98위,나를 사랑하지 않는 그대에게, 웅산,인디
99위,Lemond, 젠틀 레인(Gentle Rain),인디
100위,Polaroid, Herve Morin,인디
